CHROM,POS,ID,REF,ALT,QUAL,FILTER,INFO,FORMAT,1C_HC/1C_HC.bam,1C_amp/1C_amp.bam,1F_HC/1F_HC.bam,1F_amp/1F_amp.bam,GENE
1,10523679,.,TAACA,T,1090.96,PASS,AC=2;AF=0.250;AN=8;BaseQRankSum=1.53;DP=1938;ExcessHet=0.6695;FS=0.000;MLEAC=2;MLEAF=0.250;MQ=60.00;MQRankSum=0.00;QD=2.67;ReadPosRankSum=-3.642e+00;SOR=0.031,GT:AD:DP:GQ:PL,"0/0:212,0:212:99:0,120,1800","0/1:187,39:228:99:1047,0,7818","0/0:1301,0:1301:99:0,120,1800","0/1:168,14:189:56:56,0,7040",.
1,21795215,.,C,CAACTTAGA,163.71,PASS,AC=1;AF=0.125;AN=8;BaseQRankSum=5.41;DP=1175;ExcessHet=0.0000;FS=112.077;MLEAC=1;MLEAF=0.125;MQ=59.38;MQRankSum=-6.942e+00;QD=2.13;ReadPosRankSum=-5.580e+00;SOR=4.605,GT:AD:DP:GQ:PL,"0/0:106,0:106:99:0,120,1800","0/0:185,0:185:99:0,120,1800","0/0:807,0:807:99:0,120,1800","0/1:68,9:77:99:173,0,2828",.
1,35920056,.,C,CAG,120.71,QD2,AC=1;AF=0.125;AN=8;BaseQRankSum=3.62;DP=2184;ExcessHet=0.0000;FS=18.990;MLEAC=1;MLEAF=0.125;MQ=60.00;MQRankSum=0.00;QD=0.28;ReadPosRankSum=-9.128e+00;SOR=3.914,GT:AD:DP:GQ:PL,"0/0:218,0:218:99:0,120,1800","0/0:166,0:166:99:0,120,1800","0/0:1370,0:1370:99:0,120,1800","0/1:392,34:426:99:130,0,14019",.
1,35920087,.,CTACAAA,C,2374.96,PASS,AC=2;AF=0.250;AN=8;BaseQRankSum=-4.590e-01;DP=2227;ExcessHet=0.6695;FS=0.000;MLEAC=2;MLEAF=0.250;MQ=60.00;MQRankSum=0.00;QD=3.88;ReadPosRankSum=12.00;SOR=0.033,GT:AD:DP:GQ:PGT:PID:PL:PS,"0/0:218,0:218:99:.:.:0,120,1800","0|1:198,45:243:99:0|1:35920087_CTACAAA_C:1295,0,8177:35920087","0/0:1370,0:1370:99:.:.:0,120,1800","0/1:320,49:369:99:.:.:1092,0,13260",.
1,201286890,.,TC,T,281.71,QD2,AC=1;AF=0.125;AN=8;BaseQRankSum=4.07;DP=1450;ExcessHet=0.0000;FS=11.452;MLEAC=1;MLEAF=0.125;MQ=60.22;MQRankSum=3.39;QD=1.51;ReadPosRankSum=-2.035e+00;SOR=1.949,GT:AD:DP:GQ:PL,"0/0:56,0:56:99:0,120,1800","0/0:108,0:108:99:0,120,1800","0/0:1089,0:1089:99:0,120,1800","0/1:159,28:187:99:291,0,4412",.
1,215820987,.,G,GC,338.71,QD2,AC=1;AF=0.125;AN=8;BaseQRankSum=-9.200e-01;DP=1541;ExcessHet=0.0000;FS=0.000;MLEAC=1;MLEAF=0.125;MQ=60.00;MQRankSum=0.00;QD=1.87;ReadPosRankSum=-8.310e+00;SOR=0.049,GT:AD:DP:GQ:PL,"0/0:192,0:192:99:0,120,1800","0/0:131,0:131:99:0,120,1800","0/0:1006,0:1006:99:0,120,1800","0/1:150,31:183:99:348,0,4189",.
10,57359730,.,TATAA,T,934.96,QD2,AC=2;AF=0.250;AN=8;BaseQRankSum=-1.618e+00;DP=2107;ExcessHet=0.6695;FS=11.807;MLEAC=2;MLEAF=0.250;MQ=60.00;MQRankSum=0.00;QD=1.20;ReadPosRankSum=11.80;SOR=0.047,GT:AD:DP:GQ:PL,"0/0:84,0:84:99:0,120,1800","0/1:301,37:344:99:584,0,12811","0/0:802,0:802:99:0,120,1800","0/1:387,51:448:99:363,0,16701",.
10,100183536,.,C,CACCCAGGACAGACAG,177.71,PASS,AC=1;AF=0.125;AN=8;BaseQRankSum=-2.041e+00;DP=1403;ExcessHet=0.0000;FS=32.106;MLEAC=1;MLEAF=0.125;MQ=60.00;MQRankSum=0.00;QD=3.23;ReadPosRankSum=-3.611e+00;SOR=0.001,GT:AD:DP:GQ:PGT:PID:PL:PS,"0/0:72,0:72:99:.:.:0,120,1800","0/0:73,0:73:99:.:.:0,120,1800","0/0:1203,0:1203:99:.:.:0,120,1800","0|1:45,10:55:99:0|1:100183530_G_T:187,0,1859:100183530",.
10,126670380,.,A,ACT,250.71,QD2,AC=1;AF=0.125;AN=8;BaseQRankSum=0.164;DP=2500;ExcessHet=0.0000;FS=5.469;MLEAC=1;MLEAF=0.125;MQ=60.00;MQRankSum=0.00;QD=0.53;ReadPosRankSum=1.61;SOR=1.199,GT:AD:DP:GQ:PL,"0/0:101,0:101:99:0,120,1800","0/1:414,61:517:99:260,0,12592","0/0:716,0:716:99:0,120,1800","0/0:1155,0:1155:48:0,48,22379",.
11,8942996,.,ACTG,A,406.71,QD2,AC=1;AF=0.125;AN=8;BaseQRankSum=0.293;DP=1997;ExcessHet=0.0000;FS=0.000;MLEAC=1;MLEAF=0.125;MQ=60.00;MQRankSum=0.00;QD=1.06;ReadPosRankSum=10.96;SOR=0.012,GT:AD:DP:GQ:PGT:PID:PL:PS,"0/0:209,0:209:99:.:.:0,120,1800","0/0:233,0:233:99:.:.:0,120,1800","0/0:1139,0:1139:99:.:.:0,120,1800","0|1:348,37:385:99:0|1:8942996_ACTG_A:416,0,14103:8942996",.
11,46917877,.,T,TG,349.96,QD2,AC=2;AF=0.250;AN=8;BaseQRankSum=1.22;DP=2377;ExcessHet=0.6695;FS=0.000;MLEAC=2;MLEAF=0.250;MQ=60.00;MQRankSum=0.00;QD=0.93;ReadPosRankSum=-1.522e+00;SOR=0.634,GT:AD:DP:GQ:PL,"0/0:255,0:255:99:0,120,1800","0/1:171,22:210:71:71,0,4805","0/0:1480,0:1480:99:0,120,1800","0/1:154,28:190:99:291,0,4132",.
11,100792306,.,G,GA,369.96,QD2,AC=2;AF=0.250;AN=8;BaseQRankSum=-3.110e-01;DP=1323;ExcessHet=0.6695;FS=0.000;MLEAC=2;MLEAF=0.250;MQ=60.02;MQRankSum=1.70;QD=0.83;ReadPosRankSum=-2.781e+00;SOR=0.082,GT:AD:DP:GQ:PL,"0/0:106,0:106:99:0,120,1800","0/1:171,32:234:99:206,0,4238","0/0:663,0:663:99:0,120,1800","0/1:214,30:270:99:176,0,5389",.
12,56093777,.,T,TG,304.71,QD2,AC=1;AF=0.125;AN=8;BaseQRankSum=-1.210e+00;DP=1480;ExcessHet=0.0000;FS=0.000;MLEAC=1;MLEAF=0.125;MQ=60.00;MQRankSum=0.00;QD=1.93;ReadPosRankSum=-5.258e+00;SOR=0.090,GT:AD:DP:GQ:PL,"0/0:231,0:231:99:0,120,1800","0/1:129,29:168:99:314,0,3704","0/0:1011,0:1011:99:0,120,1800","0/0:67,0:67:86:0,86,1836",.
12,58010187,.,GCA,G,1228.96,PASS,AC=2;AF=0.250;AN=8;BaseQRankSum=0.624;DP=2164;ExcessHet=0.6695;FS=7.082;MLEAC=2;MLEAF=0.250;MQ=60.00;MQRankSum=0.00;QD=2.25;ReadPosRankSum=-1.046e+01;SOR=4.685,GT:AD:DP:GQ:PL,"0/0:170,0:170:99:0,120,1800","0/1:173,58:269:99:1098,0,6456","0/0:1137,0:1137:99:0,120,1800","0/1:266,50:349:99:143,0,9777",.
12,80900421,.,TC,T,4320.96,PASS,AC=2;AF=0.250;AN=8;BaseQRankSum=6.31;DP=2512;ExcessHet=0.6695;FS=115.164;MLEAC=2;MLEAF=0.250;MQ=59.91;MQRankSum=0.987;QD=3.35;ReadPosRankSum=-8.387e+00;SOR=6.325,GT:AD:DP:GQ:PL,"0/0:150,0:150:99:0,120,1800","0/1:317,157:474:99:3187,0,10049","0/0:1017,0:1017:99:0,120,1800","0/1:665,152:826:99:1146,0,21793",.
12,120190001,.,CTG,C,144.71,QD2,AC=1;AF=0.125;AN=8;BaseQRankSum=3.57;DP=1640;ExcessHet=0.0000;FS=26.073;MLEAC=1;MLEAF=0.125;MQ=59.94;MQRankSum=0.458;QD=0.40;ReadPosRankSum=-1.908e+00;SOR=2.576,GT:AD:DP:GQ:PL,"0/0:167,0:167:99:0,120,1800","0/0:143,0:143:99:0,120,1800","0/0:972,0:972:99:0,120,1800","0/1:325,33:358:99:154,0,12329",.
13,114156173,.,CTTCAGGACTAAATAGTATTAAGGTAAGAACAAAATTGGATTGTTTTGGTATCTGTTTAACAGAATATAAAAAGAGAA,C,1175.71,PASS,AC=1;AF=0.125;AN=8;BaseQRankSum=8.46;DP=2072;ExcessHet=0.0000;FS=0.000;MLEAC=1;MLEAF=0.125;MQ=59.97;MQRankSum=0.00;QD=4.01;ReadPosRankSum=-1.078e+01;SOR=0.272,GT:AD:DP:GQ:PL,"0/0:191,0:191:99:0,120,1800","0/1:248,45:293:99:1185,0,10213","0/0:1367,0:1367:99:0,120,1800","0/0:173,0:173:99:0,120,1800",.
15,74622641,.,GC,G,509.71,PASS,AC=1;AF=0.125;AN=8;BaseQRankSum=-1.097e+00;DP=1180;ExcessHet=0.0000;FS=2.435;MLEAC=1;MLEAF=0.125;MQ=60.00;MQRankSum=0.00;QD=4.39;ReadPosRankSum=7.00;SOR=1.364,GT:AD:DP:GQ:PL,"0/0:95,0:95:99:0,120,1800","0/0:92,0:92:99:0,120,1800","0/0:877,0:877:99:0,120,1800","0/1:88,28:116:99:519,0,2577",.
16,1273545,.,AC,A,119.71,QD2,AC=1;AF=0.125;AN=8;BaseQRankSum=1.68;DP=1117;ExcessHet=0.0000;FS=0.000;MLEAC=1;MLEAF=0.125;MQ=60.00;MQRankSum=0.00;QD=1.22;ReadPosRankSum=1.23;SOR=0.108,GT:AD:DP:GQ:PL,"0/0:25,0:25:72:0,72,1080","0/1:82,16:109:99:129,0,2613","0/0:906,0:906:99:0,120,1800","0/0:76,0:76:99:0,111,1779",.
16,57762467,.,GC,G,866.71,PASS,AC=1;AF=0.125;AN=8;BaseQRankSum=0.551;DP=1651;ExcessHet=0.0000;FS=0.000;MLEAC=1;MLEAF=0.125;MQ=60.00;MQRankSum=0.00;QD=6.02;ReadPosRankSum=-1.118e+01;SOR=0.151,GT:AD:DP:GQ:PL,"0/0:169,0:169:99:0,120,1800","0/0:164,0:164:99:0,120,1800","0/0:1174,0:1174:99:0,120,1800","0/1:103,41:144:99:876,0,3236",.
16,57762477,.,TC,T,117.79,QD2,AC=1;AF=0.125;AN=8;BaseQRankSum=-4.365e+00;DP=1924;ExcessHet=0.0000;FS=138.379;MLEAC=1;MLEAF=0.125;MQ=60.00;MQRankSum=0.00;QD=0.46;ReadPosRankSum=-6.701e+00;SOR=5.836,GT:AD:DP:GQ:PL,"0/0:169,0:169:99:0,120,1800","0/0:303,0:303:0:0,0,5836","0/0:1174,0:1174:99:0,120,1800","0/1:219,37:256:99:126,0,6674",.
16,81183496,.,TGCAG,T,759.79,PASS,AC=1;AF=0.125;AN=8;BaseQRankSum=4.35;DP=1559;ExcessHet=0.0000;FS=0.000;MLEAC=1;MLEAF=0.125;MQ=60.00;MQRankSum=0.00;QD=2.97;ReadPosRankSum=-1.127e+01;SOR=0.051,GT:AD:DP:GQ:PL,"0/0:124,0:124:99:0,120,1800","0/1:209,47:256:99:768,0,8509","0/0:1076,0:1076:99:0,120,1800","0/0:102,0:102:0:0,0,1540",.
17,3832699,.,TCCAGGGCGGCATCCGCAGCAGCGACTGGTTCTCCGAGACGCTG,T,269.71,PASS,AC=1;AF=0.125;AN=8;BaseQRankSum=4.42;DP=1098;ExcessHet=0.0000;FS=2.225;MLEAC=1;MLEAF=0.125;MQ=60.00;MQRankSum=0.00;QD=2.64;ReadPosRankSum=6.15;SOR=1.383,GT:AD:DP:GQ:PL,"0/0:38,0:38:99:0,99,1167","0/1:89,13:102:99:279,0,3695","0/0:936,0:936:99:0,120,1800","0/0:20,0:20:60:0,60,528",.
17,11532858,.,TTC,T,334.71,QD2,AC=1;AF=0.125;AN=8;BaseQRankSum=-2.318e+00;DP=1382;ExcessHet=0.0000;FS=6.396;MLEAC=1;MLEAF=0.125;MQ=60.00;MQRankSum=0.00;QD=1.38;ReadPosRankSum=-8.369e+00;SOR=1.837,GT:AD:DP:GQ:PL,"0/0:177,0:177:99:0,120,1800","0/1:216,27:244:99:344,0,8248","0/0:835,0:835:99:0,120,1800","0/0:54,0:54:99:0,108,1573",.
17,59533988,.,G,GC,56.73,QD2,AC=1;AF=0.125;AN=8;BaseQRankSum=-8.430e-01;DP=581;ExcessHet=0.0000;FS=0.000;MLEAC=1;MLEAF=0.125;MQ=60.00;MQRankSum=0.00;QD=0.31;ReadPosRankSum=-5.760e+00;SOR=0.026,GT:AD:DP:GQ:PL,"0/0:8,0:8:18:0,18,270","0/1:164,21:190:66:66,0,3926","0/0:341,0:341:99:0,120,1800","0/0:37,0:37:99:0,111,742",.
17,59534015,.,TCGC,T,1595.84,PASS,AC=1;AF=0.125;AN=8;BaseQRankSum=3.30;DP=609;ExcessHet=0.0000;FS=0.000;MLEAC=1;MLEAF=0.125;MQ=60.00;MQRankSum=0.00;QD=7.67;ReadPosRankSum=-1.172e+01;SOR=0.110,GT:AD:DP:GQ:PL,"0/0:6,0:6:9:0,9,135","0/1:157,51:210:99:1605,0,6505","0/0:341,0:341:99:0,120,1800","0/0:38,0:38:99:0,104,871",.
17,76120697,.,CCAG,C,874.71,PASS,AC=1;AF=0.125;AN=8;BaseQRankSum=-3.411e+00;DP=1117;ExcessHet=0.0000;FS=51.352;MLEAC=1;MLEAF=0.125;MQ=60.05;MQRankSum=0.00;QD=4.03;ReadPosRankSum=2.08;SOR=4.831,GT:AD:DP:GQ:PGT:PID:PL:PS,"0/0:44,0:44:99:.:.:0,99,1485","0|1:181,36:217:99:0|1:76120697_CCAG_C:884,0,7256:76120697","0/0:814,0:814:99:.:.:0,120,1800","0/0:34,0:34:99:.:.:0,101,798",.
18,29433913,rs368121793,C,"CA,CAA",2097.95,PASS,"AC=1,1;AF=0.125,0.125;AN=8;BaseQRankSum=4.07;DB;DP=2976;ExcessHet=0.6695;FS=0.000;MLEAC=1,1;MLEAF=0.125,0.125;MQ=60.00;MQRankSum=0.00;QD=3.31;ReadPosRankSum=2.29;SOR=0.717",GT:AD:DP:GQ:PL,"0/0:152,0,0:152:99:0,120,1800,120,1800,1800","0/2:123,44,42:337:99:1372,293,4248,0,3476,5241","0/0:1160,0,0:1160:99:0,120,1800,120,1800,1800","0/1:299,61,65:545:96:744,0,8520,96,7830,10860",TRAPPC8
18,74680237,.,TGGA,T,89.71,QD2,AC=1;AF=0.125;AN=8;BaseQRankSum=5.19;DP=1885;ExcessHet=0.0000;FS=38.886;MLEAC=1;MLEAF=0.125;MQ=60.00;MQRankSum=0.00;QD=0.31;ReadPosRankSum=4.42;SOR=5.077,GT:AD:DP:GQ:PL,"0/0:131,0:131:99:0,120,1800","0/0:193,0:193:99:0,120,1800","0/0:1260,0:1260:99:0,120,1800","0/1:260,33:295:99:99,0,10899",.
19,5654460,.,A,AAG,269.71,QD2,AC=1;AF=0.125;AN=8;BaseQRankSum=-3.038e+00;DP=1949;ExcessHet=0.0000;FS=65.416;MLEAC=1;MLEAF=0.125;MQ=60.00;MQRankSum=0.00;QD=0.56;ReadPosRankSum=-1.021e+01;SOR=6.701,GT:AD:DP:GQ:PL,"0/0:231,0:231:99:0,120,1800","0/1:435,48:496:99:279,0,15882","0/0:1002,0:1002:99:0,120,1800","0/0:212,0:212:99:0,120,1800",.
19,6731124,.,TG,T,103.71,QD2,AC=1;AF=0.125;AN=8;BaseQRankSum=-1.122e+00;DP=1519;ExcessHet=0.0000;FS=0.000;MLEAC=1;MLEAF=0.125;MQ=60.00;MQRankSum=0.00;QD=0.82;ReadPosRankSum=4.51;SOR=0.030,GT:AD:DP:GQ:PL,"0/0:86,0:86:99:0,120,1800","0/0:64,0:64:99:0,117,1800","0/0:1242,0:1242:99:0,120,1800","0/1:108,18:126:99:113,0,3376",.
2,120060127,.,G,"GA,GAA",497.95,QD2,"AC=1,1;AF=0.125,0.125;AN=8;BaseQRankSum=-7.730e+00;DP=2197;ExcessHet=0.6695;FS=63.257;MLEAC=1,1;MLEAF=0.125,0.125;MQ=60.00;MQRankSum=0.00;QD=0.50;ReadPosRankSum=-1.036e+01;SOR=3.572",GT:AD:DP:GQ:PL,"0/0:70,0,0:70:99:0,120,1800,120,1800,1800","0/2:318,39,46:453:99:435,127,9167,0,8972,11905","0/0:781,0,0:781:99:0,120,1800,120,1800,1800","0/1:503,53,38:659:81:81,0,14157,149,14215,17855",.
2,160076357,.,CT,C,139.71,QD2,AC=1;AF=0.125;AN=8;BaseQRankSum=2.68;DP=1578;ExcessHet=0.0000;FS=0.000;MLEAC=1;MLEAF=0.125;MQ=60.00;MQRankSum=0.00;QD=1.02;ReadPosRankSum=5.07;SOR=0.019,GT:AD:DP:GQ:PL,"0/0:208,0:208:99:0,120,1800","0/0:143,0:143:99:0,120,1800","0/0:1088,0:1088:99:0,120,1800","0/1:122,15:138:99:149,0,4298",.
2,169995885,.,TAGA,T,1535.96,PASS,AC=2;AF=0.250;AN=8;BaseQRankSum=0.036;DP=2241;ExcessHet=0.6695;FS=0.000;MLEAC=2;MLEAF=0.250;MQ=60.00;MQRankSum=0.00;QD=3.15;ReadPosRankSum=9.63;SOR=0.027,GT:AD:DP:GQ:PL,"0/0:228,0:228:99:0,120,1800","0/1:198,29:227:99:608,0,8224","0/0:1518,0:1518:99:0,120,1800","0/1:222,39:262:99:940,0,9129",.
2,227968771,.,T,TA,1176.96,QD2,AC=2;AF=0.250;AN=8;BaseQRankSum=-2.125e+00;DP=2991;ExcessHet=0.6695;FS=22.713;MLEAC=2;MLEAF=0.250;MQ=60.02;MQRankSum=0.00;QD=1.11;ReadPosRankSum=-2.060e-01;SOR=1.995,GT:AD:DP:GQ:PL,"0/0:141,0:141:99:0,120,1800","0/1:413,143:750:99:730,0,11170","0/0:891,0:891:99:0,120,1800","0/1:398,108:703:99:459,0,11112",.
2,231149086,.,CAGAATG,C,889.96,QD2,AC=2;AF=0.250;AN=8;BaseQRankSum=5.19;DP=2200;ExcessHet=0.6695;FS=44.721;MLEAC=2;MLEAF=0.250;MQ=59.65;MQRankSum=0.887;QD=0.83;ReadPosRankSum=2.42;SOR=6.292,GT:AD:DP:GQ:PL,"0/0:185,0:185:99:0,120,1800","0/1:470,42:515:99:340,0,19468","0/0:927,0:927:99:0,120,1800","0/1:516,50:567:99:562,0,21443",.
20,62321768,.,TCC,T,138.71,QD2,AC=1;AF=0.125;AN=8;BaseQRankSum=3.30;DP=1225;ExcessHet=0.0000;FS=0.000;MLEAC=1;MLEAF=0.125;MQ=60.00;MQRankSum=0.00;QD=1.90;ReadPosRankSum=5.78;SOR=0.093,GT:AD:DP:GQ:PL,"0/0:70,0:70:99:0,120,1800","0/0:97,0:97:86:0,86,2207","0/0:980,0:980:99:0,120,1800","0/1:64,9:73:99:148,0,2470",.
21,33725188,.,GC,G,411.79,QD2,AC=1;AF=0.125;AN=8;BaseQRankSum=-3.740e+00;DP=1776;ExcessHet=0.0000;FS=117.485;MLEAC=1;MLEAF=0.125;MQ=60.00;MQRankSum=0.00;QD=1.45;ReadPosRankSum=-5.671e+00;SOR=6.479,GT:AD:DP:GQ:PL,"0/0:163,0:163:99:0,120,1800","0/1:233,51:284:99:420,0,6603","0/0:1142,0:1142:99:0,120,1800","0/0:168,0:168:0:0,0,3106",.
22,19883035,.,A,AG,905.96,QD2,AC=2;AF=0.250;AN=8;BaseQRankSum=2.56;DP=2116;ExcessHet=0.6695;FS=57.874;MLEAC=2;MLEAF=0.250;MQ=60.00;MQRankSum=0.00;QD=1.85;ReadPosRankSum=-1.490e-01;SOR=5.607,GT:AD:DP:GQ:PL,"0/0:160,0:160:99:0,120,1800","0/1:246,37:287:99:312,0,6185","0/0:1446,0:1446:99:0,120,1800","0/1:169,37:210:99:606,0,4288",.
22,39148617,.,TG,T,623.71,PASS,AC=1;AF=0.125;AN=8;BaseQRankSum=0.083;DP=1630;ExcessHet=0.0000;FS=4.127;MLEAC=1;MLEAF=0.125;MQ=60.00;MQRankSum=0.00;QD=5.42;ReadPosRankSum=8.43;SOR=1.193,GT:AD:DP:GQ:PL,"0/0:213,0:213:99:0,120,1800","0/0:50,0:50:99:0,120,1800","0/0:1252,0:1252:99:0,120,1800","0/1:86,29:115:99:633,0,2895",.
22,42076372,.,TG,"T,TGG",878.95,PASS,"AC=1,1;AF=0.125,0.125;AN=8;BaseQRankSum=0.731;DP=2235;ExcessHet=0.6695;FS=0.000;MLEAC=1,1;MLEAF=0.125,0.125;MQ=60.00;MQRankSum=0.00;QD=2.17;ReadPosRankSum=-3.770e-01;SOR=1.388",GT:AD:DP:GQ:PL,"0/0:238,0,0:238:99:0,120,1800,120,1800,1800","0/2:142,24,33:216:99:371,215,4654,0,3191,3983","0/0:1499,0,0:1499:99:0,120,1800,120,1800,1800","0/1:134,37,35:218:99:526,0,4199,99,2564,3865",.
4,79284799,.,CAG,C,294.71,QD2,AC=1;AF=0.125;AN=8;BaseQRankSum=-5.630e-01;DP=1904;ExcessHet=0.0000;FS=0.000;MLEAC=1;MLEAF=0.125;MQ=60.00;MQRankSum=0.00;QD=1.53;ReadPosRankSum=7.10;SOR=0.020,GT:AD:DP:GQ:PL,"0/0:254,0:254:99:0,120,1800","0/1:170,23:193:99:304,0,6484","0/0:1259,0:1259:99:0,120,1800","0/0:197,0:197:99:0,120,1800",.
4,103225589,.,G,GT,37.71,QD2,AC=1;AF=0.125;AN=8;BaseQRankSum=-7.300e-02;DP=1764;ExcessHet=0.0000;FS=0.000;MLEAC=1;MLEAF=0.125;MQ=60.00;MQRankSum=0.00;QD=0.24;ReadPosRankSum=-3.612e+00;SOR=0.029,GT:AD:DP:GQ:PL,"0/0:162,0:162:99:0,120,1800","0/1:139,17:162:47:47,0,3444","0/0:1092,0:1092:99:0,120,1800","0/0:243,0:243:99:0,120,1800",.
4,186336369,.,AT,A,635.71,PASS,AC=1;AF=0.125;AN=8;BaseQRankSum=5.32;DP=1987;ExcessHet=0.0000;FS=74.499;MLEAC=1;MLEAF=0.125;MQ=60.00;MQRankSum=0.00;QD=3.24;ReadPosRankSum=-3.467e+00;SOR=6.698,GT:AD:DP:GQ:PL,"0/0:142,0:142:99:0,120,1800","0/1:138,58:248:99:645,0,4487","0/0:848,0:848:99:0,120,1800","0/0:681,0:681:99:0,120,1800",.
5,233725,.,GTC,G,1067.71,PASS,AC=1;AF=0.125;AN=8;BaseQRankSum=1.78;DP=1969;ExcessHet=0.0000;FS=0.000;MLEAC=1;MLEAF=0.125;MQ=60.00;MQRankSum=0.00;QD=3.81;ReadPosRankSum=-1.287e+01;SOR=0.037,GT:AD:DP:GQ:PL,"0/0:281,0:281:99:0,120,1800","0/0:194,0:194:99:0,120,1800","0/0:1214,0:1214:99:0,120,1800","0/1:235,45:280:99:1077,0,9225",.
5,33649001,.,CG,C,59.71,QD2,AC=1;AF=0.125;AN=8;BaseQRankSum=-4.447e+00;DP=1927;ExcessHet=0.0000;FS=45.935;MLEAC=1;MLEAF=0.125;MQ=60.00;MQRankSum=0.00;QD=0.34;ReadPosRankSum=-3.270e+00;SOR=3.838,GT:AD:DP:GQ:PL,"0/0:211,0:211:99:0,120,1800","0/1:158,20:187:69:69,0,4709","0/0:1413,0:1413:99:0,120,1800","0/0:114,0:114:99:0,119,1800",.
5,41000834,.,CTT,C,353.77,QD2,AC=1;AF=0.125;AN=8;BaseQRankSum=-1.477e+00;DP=2274;ExcessHet=0.0000;FS=57.423;MLEAC=1;MLEAF=0.125;MQ=60.00;MQRankSum=0.00;QD=0.86;ReadPosRankSum=-2.493e+00;SOR=5.218,GT:AD:DP:GQ:PL,"0/0:184,0:184:99:0,120,1800","0/0:566,0:566:0:0,0,12688","0/0:1064,0:1064:99:0,120,1800","0/1:364,48:435:99:362,0,15010",.
5,49707189,.,A,AT,303.71,QD2,AC=1;AF=0.125;AN=8;BaseQRankSum=2.23;DP=1927;ExcessHet=0.0000;FS=0.000;MLEAC=1;MLEAF=0.125;MQ=59.15;MQRankSum=0.695;QD=1.79;ReadPosRankSum=1.30;SOR=0.241,GT:AD:DP:GQ:PL,"0/0:128,0:128:99:0,120,1800","0/1:139,31:213:99:313,0,3456","0/0:1209,0:1209:99:0,120,1800","0/0:360,0:360:99:0,120,1800",.
5,118500244,.,CAGA,C,579.71,QD2,AC=1;AF=0.125;AN=8;BaseQRankSum=4.75;DP=1892;ExcessHet=0.0000;FS=0.000;MLEAC=1;MLEAF=0.125;MQ=60.00;MQRankSum=0.00;QD=1.68;ReadPosRankSum=8.00;SOR=0.024,GT:AD:DP:GQ:PL,"0/0:184,0:184:99:0,120,1800","0/0:257,0:257:99:0,120,1800","0/0:1090,0:1090:99:0,120,1800","0/1:307,39:354:99:589,0,12876",.
6,46563861,.,T,TA,227.96,QD2,AC=2;AF=0.250;AN=8;BaseQRankSum=-5.280e-01;DP=1687;ExcessHet=0.6695;FS=0.000;MLEAC=2;MLEAF=0.250;MQ=59.96;MQRankSum=0.00;QD=0.47;ReadPosRankSum=6.82;SOR=0.060,GT:AD:DP:GQ:PL,"0/0:115,0:115:99:0,120,1800","0/1:208,31:263:58:58,0,5469","0/0:1017,0:1017:99:0,120,1800","0/1:211,34:259:99:182,0,5071",.
6,71508369,.,GA,G,385.96,QD2,AC=2;AF=0.250;AN=8;BaseQRankSum=1.95;DP=694;ExcessHet=0.6695;FS=0.000;MLEAC=2;MLEAF=0.250;MQ=60.00;MQRankSum=0.00;QD=1.51;ReadPosRankSum=1.08;SOR=0.093,GT:AD:DP:GQ:PL,"0/0:61,0:61:99:0,120,1800","0/1:124,30:163:99:257,0,3191","0/0:355,0:355:99:0,120,1800","0/1:83,19:108:99:141,0,2142",.
6,168842115,.,AG,A,40.71,PASS,AC=1;AF=0.125;AN=8;BaseQRankSum=-2.100e+00;DP=468;ExcessHet=0.0000;FS=3.332;MLEAC=1;MLEAF=0.125;MQ=60.00;MQRankSum=0.00;QD=5.09;ReadPosRankSum=-6.190e-01;SOR=0.105,GT:AD:DP:GQ:PL,"0/1:6,2:8:50:50,0,218","0/0:115,0:115:99:0,120,1800","0/0:278,0:278:99:0,120,1800","0/0:67,0:67:99:0,120,1800",.
7,16460841,.,GC,G,1058.71,FS200,AC=1;AF=0.125;AN=8;BaseQRankSum=3.68;DP=1069;ExcessHet=0.0000;FS=296.296;MLEAC=1;MLEAF=0.125;MQ=60.00;MQRankSum=0.00;QD=6.83;ReadPosRankSum=-9.347e+00;SOR=6.516,GT:AD:DP:GQ:PL,"0/0:23,0:23:66:0,66,990","0/0:55,0:55:99:0,120,1800","0/0:836,0:836:99:0,120,1800","0/1:103,52:155:99:1068,0,3411",.
7,80427520,.,TAC,T,1388.96,PASS,AC=2;AF=0.250;AN=8;BaseQRankSum=2.47;DP=1168;ExcessHet=0.6695;FS=0.000;MLEAC=2;MLEAF=0.250;MQ=60.00;MQRankSum=0.00;QD=2.86;ReadPosRankSum=-3.696e+00;SOR=0.122,GT:AD:DP:GQ:PL,"0/0:107,0:107:99:0,120,1800","0/1:186,53:269:99:995,0,7179","0/0:516,0:516:99:0,120,1800","0/1:205,42:264:99:406,0,7847",.
8,124525469,.,T,TACAATGTCCTAACTGAAA,121.71,QD2,AC=1;AF=0.125;AN=8;BaseQRankSum=-4.141e+00;DP=1447;ExcessHet=0.0000;FS=135.032;MLEAC=1;MLEAF=0.125;MQ=60.00;MQRankSum=0.00;QD=1.15;ReadPosRankSum=-5.560e+00;SOR=4.796,GT:AD:DP:GQ:PL,"0/0:223,0:223:99:0,120,1800","0/0:215,0:215:99:0,120,1800","0/0:903,0:903:99:0,120,1800","0/1:96,10:106:99:131,0,4001",.
9,136268136,.,TG,T,31.71,QD2,AC=1;AF=0.125;AN=8;BaseQRankSum=-1.328e+00;DP=1324;ExcessHet=0.0000;FS=0.000;MLEAC=1;MLEAF=0.125;MQ=60.00;MQRankSum=0.00;QD=0.58;ReadPosRankSum=4.64;SOR=0.019,GT:AD:DP:GQ:PL,"0/0:38,0:38:90:0,90,1350","0/0:98,0:98:99:0,120,1800","0/0:1133,0:1133:99:0,120,1800","0/1:49,6:55:41:41,0,1660",.
